{
  "project_info": {
    "project_number": "720579399616",
    "firebase_url": "https://simplechat-f63ea.firebaseio.com",
    "project_id": "simplechat-f63ea",
    "storage_bucket": "simplechat-f63ea.appspot.com"
  },
  "client": [
    {
      "client_info": {
        "mobilesdk_app_id": "1:720579399616:android:dc4995eb552972b3",
        "android_client_info": {
          "package_name": "com.example.macstudent.simplechatapp"
        }
      },
      "oauth_client": [
        {
          "client_id": "720579399616-3lpaq6lppp6j02itfod9lqfu6jt3tm6s.apps.googleusercontent.com",
          "client_type": 3
        }
      ],
      "api_key": [
        {
          "current_key": "AIzaSyCer8hLWpsF48ky9gfhPUNo0Tk0mK_H9-4"
        }
      ],
      "services": {
        "analytics_service": {
          "status": 1
        },
        "appinvite_service": {
          "status": 1,
          "other_platform_oauth_client": []
        },
        "ads_service": {
          "status": 2
        }
      }
    }
  ],
  "configuration_version": "1"
}