{
  "project_info": {
    "project_number": "25037426559",
    "firebase_url": "https://chatapplication-9a76e.firebaseio.com",
    "project_id": "chatapplication-9a76e",
    "storage_bucket": "chatapplication-9a76e.appspot.com"
  },
  "client": [
    {
      "client_info": {
        "mobilesdk_app_id": "1:25037426559:android:dc4995eb552972b3",
        "android_client_info": {
          "package_name": "com.example.macstudent.simplechatapp"
        }
      },
      "oauth_client": [
        {
          "client_id": "25037426559-36grksn4rtbjv79ql5294qmuosd6kjhs.apps.googleusercontent.com",
          "client_type": 1,
          "android_info": {
            "package_name": "com.example.macstudent.simplechatapp",
            "certificate_hash": "cd550a472e5abe716a020a479ec54f28688d86b3"
          }
        },
        {
          "client_id": "25037426559-iqoto172vpcurk7ul6g0utq1ml6dfjh9.apps.googleusercontent.com",
          "client_type": 3
        }
      ],
      "api_key": [
        {
          "current_key": "AIzaSyCzlG8QGzb3Gf_hdDg8NfN_RpLyTomDrMY"
        }
      ],
      "services": {
        "analytics_service": {
          "status": 1
        },
        "appinvite_service": {
          "status": 2,
          "other_platform_oauth_client": [
            {
              "client_id": "25037426559-iqoto172vpcurk7ul6g0utq1ml6dfjh9.apps.googleusercontent.com",
              "client_type": 3
            }
          ]
        },
        "ads_service": {
          "status": 2
        }
      }
    }
  ],
  "configuration_version": "1"
}